dst,src,status,size_kb
src/experts/temporal_frequency_miner.py,release_dynamic_evidence_mining/src/experts/temporal_frequency_miner.py,copied,12.89
src/experts/cross_sectional_factor_tree.py,release_dynamic_evidence_mining/src/experts/cross_sectional_factor_tree.py,copied,7.38
src/experts/market_body_experts.py,release_dynamic_evidence_mining/src/experts/market_body_experts.py,copied,23.2
src/decision/cross_sectional_admission.py,release_dynamic_evidence_mining/src/decision/action_admission_controller.py,copied,4.55
src/decision/spd_state_exposure_gate.py,scripts/dive_trader_v2/86_train_riemannian_ppo_exposure.py,copied,19.65
src/decision/policy_gradient_exposure_gate.py,release_dynamic_evidence_mining/src/decision/policy_gradient_exposure_gate.py,copied,15.56
src/decision/geometry_concentration_overlay.py,release_dynamic_evidence_mining/src/decision/geometry_concentration_overlay.py,copied,10.0
src/decision/portfolio_projection.py,release_dynamic_evidence_mining/src/decision/portfolio_projection.py,copied,6.58
src/utils/panel_backtest.py,scripts/dive_trader_v2/v2x_common.py,copied,6.58
src/evaluation/rankic_precision.py,scripts/dive_trader_v2/115_fix_rankic_precision_merge_target.py,copied,6.22
src/evaluation/limit_state_execution_sensitivity.py,scripts/dive_trader_v2/117_limit_state_execution_sensitivity_from_cross.py,copied,7.67
src/evaluation/failure_analysis.py,release_dynamic_evidence_mining/src/evaluation/failure_analysis.py,copied,8.17
